first_name,last_name,email
Loren,Grinsted,lgrinsted0@demo.local
Winslow,Ogborn,wogborn1@demo.local
Maggi,Goodright,mgoodright2@demo.local
Bent,Lloyd,blloyd3@demo.local
Sydney,Robilliard,srobilliard4@demo.local
Carissa,Barg,cbarg5@demo.local
Matt,Blackboro,mblackboro6@demo.local
Margette,House,mhouse7@demo.local
Maren,Lanegran,mlanegran8@demo.local
Calli,Lebang,clebang9@demo.local